No,Nomor Kendaraan,Bulan Kadaluarsa,Tahun Kadaluarsa
1,E 3977 QM,09,19
2,E 6223 PAC,05,21
3,E 4537 TCK,12,17
4,E 6226 YZ,12,19
5,E 6862 QT,06,20
6,E 3237 QY,11,20
7,E 4594 Q,08,18
8,E 2633 RO,11,16
9,E 5894 SZ,09,17
10,E 6562 QO,12,19
11,E 2462 QF,02,19
12,E 5313 TF,10,16
13,E 1129 RP,07,18
14,E 3088 PAK,02,22
15,E 3598 PAD,09,21
16,E 4172 QC,11,18
17,E 3865 PAF,08,21
18,E 6179 SH,09,14
19,E 4221 RL,04,19
20,E 6676 PAH,11,21
21,E 5234 YF,11,20
22,E 2694 SI,09,19
23,E 6520 PAC,05,21
24,E 2101 PAD,06,21
25,E 4016 TO,08,22
26,E 3524 PAG,09,21
27,E 2393 TT,01,18
28,E 3978 SC,12,21
29,E 5032 QD,12,18
30,E 5235 RO,11,16
31,E 3932 SL,02,15
32,E 5216 TI,11,21
33,E 2987 QC,10,18
34,E 5026 SF,06,18
35,E 4092 TJ,03,18
36,E 4127 QI,05,19
37,E 3747 RE,08,15
38,E 6716 QR,04,20
39,E 2324 OM,09,19
40,E 2648 QI,05,19
41,E 3690 SE,09,21
42,E 5736 PAQ,09,22
43,E 5197 PAA,02,21
44,E 4836 QM,10,19
45,E 4531 TV,04,18
46,E 4240 RY,06,19
47,E 6073 OL,09,19
48,E 5441 SA,11,19
49,E 6691 PAB,04,21
50,E 3083 PAH,10,21
51,E 3765 QO,12,19
52,E 3288 QU,06,20
53,E 5627 SF,06,19
54,E 6214 PAO,09,22
55,E 5056 QD,12,18
56,E 5893 SH,05,20
57,E 5158 TP,09,17
58,E 2153 SP,08,20
59,E 1707 PH,03,15
60,E 6472 SB,11,18
61,E 3977 TH,12,18
62,E 2536 SA,09,18
63,E 5561 OI,06,19
64,E 4235 PAL,04,22
65,E 1477 RB,02,21
66,E 1267 RB,01,21
67,E 5792 TT,01,22
68,E 4310 OR,03,20
69,E 2478 QK,07,19
70,E 4903 TR,11,22
71,E 5043 PAL,04,22
72,E 2393 TT,01,18
73,E 2956 RP,03,22
74,E 5361 TI,01,18
75,E 6295 QL,09,19
76,E 1245 RG,02,20
77,E 4564 SZ,09,21
78,E 3115 SN,06,20
79,E 4993 TI,01,22
80,E 4147 QJ,06,19
81,E 6545 SN,06,21
82,E 2686 QH,04,19
83,E 5202 TA,03,19
84,E 6673 ZQ,04,18
85,E 3118 QP,01,20
86,E 6099 QS,05,20
87,E 5811 RO,10,18
88,E 6554 ZL,05,22
89,E 3912 P,05,21
90,E 5277 PW,09,18
91,E 2118 ST,01,21
92,E 6686 SK,01,20
93,E 5942 TM,06,17
94,E 6457 CA,11,21
95,E 2521 RQ,04,19
96,E 2984 TW,04,18
97,E 6467 QW,09,20
98,E 4604 PS,09,17
99,E 6984 P,07,20
100,E 6387 PL,04,20
101,E 4939 PAE,07,21
102,E 6430 QO,12,19
103,E 4670 TL,05,22
104,E 4145 QZ,12,20
105,E 5860 ST,03,21
106,E 4026 SL,02,20
107,E 4753 QV,08,20
108,E 6810 IX,05,20
109,E 5718 OT,06,20
110,E 2283 RG,10,10
111,E 3536 O,06,10
112,E 5305 SM,06,20
113,E 5241 TP,09,22
114,E 2251 TI,01,22
115,E 4885 QZ,12,20
116,E 4538 QK,08,19
117,E 6464 TI,05,18
118,E 4112 RJ,04,18
119,E 3206 PAO,06,22
120,E 4603 PAE,07,21
121,E 4564 RRR,11,21
122,E 4172 QB,11,22
123,E 3453 TN,06,22
124,E 6932 TW,05,18
125,E 4877 SV,05,21
126,E 6410 TX,06,18
127,E 9967 P,12,22
128,E 5789 QD,12,18
129,E 6298 SS,01,21
130,E 6586 PAM,06,22
131,E 2194 Q,07,18
132,E 4721 SJ,11,20
133,E 3916 P,05,21
134,E 4958 QS,05,20
135,E 4746 PAI,12,21
136,E 5515 QG,04,19
137,E 5997 QP,01,20
138,E 3860 PAK,02,22
139,E 3229 SQ,11,18
140,E 5279 SD,12,21
141,E 2035 SO,07,20
142,E 3485 SZ,09,10
143,E 2881 QAA,10,22
144,E 3052 QU,06,20
145,E 4217 TT,01,18
146,E 6686 PAI,01,22
147,E 5090 TW,05,18
148,E 3772 SV,05,16
149,E 6930 RS,09,12
150,E 6151 PAL,04,22
151,E 3392 TZ,07,18
152,E 3426 SB,10,18
153,E 6735 QV,08,20
154,E 5737 PAB,03,21
155,E 5084 RY,08,21
156,E 2707 SP,11,21
157,E 3332 ST,02,19
158,E 4539 RC,11,20
159,E 6804 RV,02,19
160,E 3543 PAG,09,21
161,E 5555 SR,05,20
162,E 2989 OZ,12,20
163,E 4314 RP,01,22
164,E 4092 PAE,07,21
165,E 2637 WM,02,21
166,E 3913 QS,04,20
167,E 5605 QZ,12,20
168,E 6526 QX,11,20
169,E 4019 TL,05,22
170,E 2091 SD,01,14
171,E 6962 PAA,02,21
172,E 4386 IY,09,18
173,E 2380 SA,09,18
174,E 5430 SL,02,20
175,E 3934 PAI,12,21
176,E 3646 RL,05,20
177,E 3708 TU,06,15
178,E 3996 RS,08,17
179,E 5266 TS,12,22
180,E 6595 TO,10,22
181,E 6017 SR,03,13
182,E 6173 IM,11,18
183,E 2647 SL,01,20
184,E 5182 QO,11,19
185,E 5621 OV,08,20
186,E 3690 ZV,02,20
187,E 6347 PAF,09,21
188,E 4682 QA,09,22
189,E 6037 SF,06,19
190,E 2110 QP,12,19
191,E 6843 SV,06,21
192,E 6375 OC,06,22
193,E 3040 SI,09,19
194,E 5314 QR,03,20
195,E 6978 OW,09,20
196,E 5090 PAO,07,22
197,E 3071 TC,10,21
198,E 6936 TF,10,21
199,E 5880 RF,10,18
200,E 2253 RB,01,21
201,E 4396 RU,12,17
202,E 6855 OC,11,21
203,E 5246 PAF,08,21
204,E 3166 PAO,06,22
205,E 3313 QX,10,20
206,E 3817 PAH,11,21
207,E 4732 TX,05,18
208,E 2086 RI,01,21
209,E 6608 PAF,09,21
210,E 4406 PAG,09,21
211,E 4992 SW,06,15
212,E 6312 SW,07,21
213,E 3246 OP,12,19
214,E 3683 RN,10,21
215,E 4578 TL,15,22
216,E 6186 PAP,08,22
217,E 5085 SD,03,19
218,E 3061 SQ,10,20
219,E 5148 OI,06,13
220,E 2075 OD,11,18
221,E 6450 TM,06,22
222,E 4951 QE,02,19
223,E 3203 TR,11,17
224,E 5639 PAP,08,22
225,E 6140 QO,12,19
226,E 3407 PAB,03,21
227,E 3904 P,03,16
228,E 1893 PQ,01,19
229,E 536 YY,00,00
230,E 3243 QN,12,17
231,E 5241 TR,11,22
232,E 6326 TQ,04,19
233,E 9999 AA,02,19
234,E 4510 PL,03,20
235,E 6733 TN,07,20
236,E 3309 QF,02,19
237,E 5905 QO,12,19
238,E 2148 RI,01,16
239,E 3507 TS,12,17
240,E 6031 ST,03,21
241,E 3008 SM,05,20
242,E 2113 PAG,09,21
243,E 2212 TZ,07,18
244,E 4739 TA,01,14
245,E 6527 OD,02,20
246,E 4572 SS,01,16
247,E 4553 QT,06,20
248,E 2895 NB,10,13
249,E 3154 QO,11,19
250,E 4250 SU,04,21
251,E 4991 TP,09,17
252,E 3465 SL,02,20
253,E 6631 TO,08,21
254,E 2458 SV,05,16
255,E 3984 TZ,07,21
256,E 4299 SZ,09,21
257,E 2747 TS,12,17
258,E 6752 SN,04,18
259,E 2101 TJ,02,22
260,E 2891 TT,01,18
261,E 2381 PAH,10,21
262,E 1677 PE,02,21
263,E 6078 RM,09,22
264,E 4558 SH,08,18
265,E 4986 SO,10,20
266,E 2810 PAD,05,21
267,E 6802 PAH,11,21
268,E 4568 TCK,12,17
269,E 3405 S,11,20
270,E 4813 PL,04,20
271,E 5503 TI,02,20
272,E 5519 PAK,03,22
273,E 2870 QAA,10,22
274,E 5676 TD,02,18
275,E 5515 QT,06,20
276,E 5817 PT,04,18
277,E 6272 PAJ,02,22
278,E 2747 QQ,01,20
279,E 6810 TX,06,18
280,E 2157 PAO,06,22
281,E 3496 RW,04,19
282,E 4890 QE,01,19
283,E 2509 OW,09,20
284,E 2381 QAA,10,22
285,E 6919 TM,06,17
286,E 5098 RA,00,00
287,E 1169 PY,05,20
288,E 5944 TK,04,22
289,E 5051 SD,03,18
290,E 5105 OD,12,21
291,E 6893 PAD,06,21
292,E 3922 OI,05,19
293,E 6888 SC,11,21
294,E 5381 PAB,03,21
295,E 4964 SN,07,20
296,E 3270 SJ,08,22
297,E 4238 QC,11,18
298,E 5024 SO,09,20
299,E 6140 OX,11,20
300,E 6193 QF,02,10
301,E 3593 TF,10,19
302,E 3212 OL,08,19
303,E 5971 TO,08,22
304,E 3016 SB,10,18
305,E 6091 TV,04,18
306,E 4895 OL,09,19
307,E 5064 SE,05,19
308,E 5827 QT,06,20
309,E 3547 RR,06,12
310,E 3796 PY,05,20
311,E 3255 TN,12,20
312,E 8767 TG,11,22
313,E 4886 TM,06,22
314,E 5854 PAP,08,22
315,E 2634 QG,03,19
316,E 3758 RW,04,18
317,E 5071 SS,01,21
318,E 1992 RN,04,22
319,E 5078 QF,02,19
320,E 5869 PAA,02,21
321,E 2843 HB,08,21
322,E 4876 Q,08,18
323,E 2247 RY,05,18
324,E 3405 PAH,10,21
325,E 2909 TP,12,21
326,E 3955 PAK,02,22
327,E 3851 PAI,12,21
328,E 4966 SN,07,20
329,E 6047 QT,07,20
330,E 2544 QD,11,18
331,E 6894 SB,11,19
332,E 6393 TZ,07,18
333,E 2047 SF,05,19
334,E 6511 QV,09,20
335,E 6765 PAD,06,21
336,E 4160TQ,10,17
337,E 4378 SG,07,19
338,E 3577 PAI,12,21
339,E 6730 RC,07,19
340,E 5053 RG,09,20
341,E 6270 SM,06,20
342,E 6250 PAJ,02,22
343,E 6547 PAF,09,21
344,E 6225 SJ,11,19
345,E 4679 PAD,06,21
346,E 3438 SJ,10,19
347,E 6270 OZ,01,21
348,E 4690 PAL,04,22
349,E 3193 PS,08,17
350,E 6525 SF,09,21
351,E 6263 RU,07,20
352,E 6528 P,11,18
